# phrase	id attendu (ou none)	mode (optionnel, défaut : defaut)
# --- open_app
lance Discord	open_app
tu peux m'ouvrir Obsidian	open_app
j'ai ouvert Obsidian ce matin et il a planté	none
# --- quit_app
quitte Discord	quit_app
ferme complètement Spotify	quit_app
Spotify a quitté tout seul hier soir	none
# --- web_search
cherche la recette du gratin dauphinois	web_search
ouvre Safari et cherche les horaires de la piscine	web_search
j'ai cherché partout mes clés ce matin	none
# --- youtube_search
mets de la musique jazz sur YouTube	youtube_search
cherche une vidéo sur la cuisson du riz sur YouTube	youtube_search
j'ai vu une vidéo marrante sur YouTube hier	none
# --- open_website
va sur LinkedIn	open_website
ouvre Netflix	open_website
mon abonnement Netflix a encore augmenté	none
# --- volume_up
monte un peu le volume	volume_up
mets le son plus fort	volume_up
le volume de la réunion était trop fort	none
# --- volume_down
baisse un peu le volume	volume_down
c'est trop fort baisse	volume_down
les voisins ont baissé leur musique enfin	none
# --- toggle_mute
mets l'ordi en sourdine	toggle_mute
coupe le son de l'ordinateur	toggle_mute
il a coupé le son de son micro pendant l'appel	none
# --- play_pause
mets en pause	play_pause
reprends la lecture de la musique	play_pause
on fait une pause café dans dix minutes	none
# --- next_track
morceau suivant	next_track
zappe cette chanson	next_track
la chanson suivante de l'album est ma préférée	none
# --- screenshot
prends une capture d'écran	screenshot
fais un screenshot de l'écran	screenshot
envoie-moi la capture d'écran que tu as faite hier	none
# --- lock_screen
verrouille la session	lock_screen
bloque l'écran je m'en vais	lock_screen
j'ai oublié de verrouiller mon vélo	none
# --- sleep_display
mets l'écran en veille	sleep_display
éteins l'écran s'il te plaît	sleep_display
mon écran s'est éteint tout seul pendant le film	none
# --- empty_trash
vide la corbeille	empty_trash
supprime définitivement ce qu'il y a dans la corbeille	empty_trash
n'oublie pas de sortir la poubelle ce soir	none
# --- close_window
ferme cette fenêtre	close_window
ferme l'onglet actuel	close_window
ferme la fenêtre il fait froid	none
# --- new_tab
ouvre un nouvel onglet	new_tab
nouvel onglet s'il te plaît	new_tab
j'ai trop d'onglets ouverts en ce moment	none
# --- switch_mode
passe en mode travail	switch_mode
active le mode CTF	switch_mode
je suis pas du tout en mode travail aujourd'hui	none
# --- exploitdb_search (ctf)
trouve un exploit pour Apache Tomcat	exploitdb_search	ctf
exploit db ProFTPD 1.3.5	exploitdb_search	ctf
l'exploit de l'équipe adverse était impressionnant	none	ctf
# --- cve_search (ctf)
cherche la CVE 2014 0160	cve_search	ctf
quelles sont les CVE de Jenkins	cve_search	ctf
on a patché la CVE hier avec l'équipe	none	ctf
# --- gtfobins_lookup (ctf)
gtfobins pour python	gtfobins_lookup	ctf
ouvre GTFOBins pour find	gtfobins_lookup	ctf
GTFOBins m'a bien aidé sur la dernière box	none	ctf
# --- open_revshells (ctf)
ouvre le générateur de reverse shell	open_revshells	ctf
il me faut un reverse shell en bash	open_revshells	ctf
mon reverse shell est mort au bout de deux minutes	none	ctf
# --- open_cyberchef (ctf)
ouvre CyberChef	open_cyberchef	ctf
j'ai besoin de décoder ce hexadécimal	open_cyberchef	ctf
CyberChef c'est vraiment un outil génial	none	ctf
# --- new_terminal_tab (ctf)
ouvre un nouveau terminal	new_terminal_tab	ctf
donne-moi un autre terminal	new_terminal_tab	ctf
le terminal plante quand je lance nmap	none	ctf
# --- new_email (travail)
écris un nouveau mail	new_email	travail
je veux rédiger un e-mail	new_email	travail
j'ai reçu un mail bizarre de mon manager	none	travail
# --- github_search (travail)
cherche pydantic sur GitHub	github_search	travail
trouve un repo de scraping sur GitHub	github_search	travail
j'ai poussé mon code sur GitHub hier	none	travail
# --- new_note (travail)
crée une nouvelle note	new_note	travail
note ça dans une nouvelle note	new_note	travail
il a eu une bonne note à son examen	none	travail
# --- spotify_play
mets Blinding Lights de The Weeknd sur Spotify	spotify_play
joue du Angèle	spotify_play
Spotify m'a conseillé une super chanson hier	none
# --- spotify_like
like la chanson qui passe	spotify_like
ajoute ce titre à mes favoris Spotify	spotify_like
j'ai liké toutes ses chansons l'an dernier	none
# --- spotify_search
cherche des podcasts de cuisine dans Spotify	spotify_search
trouve la playlist Chill Hits sur Spotify	spotify_search
j'ai cherché cette chanson partout sur Spotify	none
# --- web_task (agent web)
trouve-moi un vol Lyon Barcelone pour le 3 novembre	web_task
ouvre la page Wikipédia de Marie Curie	web_task
j'ai trouvé un vol pas cher pour Barcelone hier	none
# --- demandes composées (séquence attendue)
ouvre la calculatrice et monte le son	open_app>volume_up
ouvre Spotify puis mets Get Lucky de Daft Punk	open_app>spotify_play
mets Stromae sur Spotify et like le morceau	spotify_play>spotify_like
ouvre Notion, baisse le son et verrouille l'écran	open_app>volume_down>lock_screen
passe en mode ctf et ouvre cyberchef	switch_mode>open_cyberchef
cherche la recette des crêpes et ouvre YouTube	web_search>open_website
ouvre chrome et cherche la météo à Lyon	web_search
# --- hors sujet / conversation / bruit
tu viens manger avec nous	none
c'est quoi la capitale du Pérou	ask_question
euh attends je réfléchis	none
Marc ouvre la porte s'il te plaît	none
annule ça	undo_last
annule la dernière action	undo_last
reviens en arrière je voulais pas ça	undo_last
j'ai annulé mon rendez-vous chez le dentiste	none
exporte cette page en PDF	menu_item
ouvre une fenêtre de navigation privée	menu_item
affiche la barre latérale	menu_item
j'ai exporté le rapport en PDF hier	none
lance le raccourci créer un code QR	run_shortcut
fais le raccourci Shazam	run_shortcut
j'ai créé un raccourci sur mon iPhone	none
tape bonjour tout le monde	type_text
écris je serai en retard de dix minutes	type_text
j'ai tapé tout le rapport ce matin	none
tape salut ça va et envoie	type_text_enter|type_text>key_shortcut
écris ok pour moi et appuie sur entrée	type_text_enter|type_text>key_shortcut
copie	key_shortcut
rouvre l'onglet fermé	key_shortcut
recharge la page	key_shortcut
il faut que je copie mes notes de cours	none
descends	scroll
va tout en haut de la page	scroll
on descend manger dans cinq minutes	none
passe en mode sombre	dark_mode
remets le thème clair	dark_mode
le mode sombre c'est quand même plus joli	none
augmente la luminosité	brightness_up
baisse la luminosité	brightness_down
coupe le wifi	wifi_off
réactive le wifi	wifi_on
le wifi de l'hôtel était nul	none
mets un minuteur de 10 minutes	set_timer
minuteur trois minutes pour les pâtes	set_timer
préviens-moi dans une demi-heure	set_timer
le minuteur du four est cassé	none
quelle heure est-il	info
il reste combien de batterie	info
on est quel jour	info
il était quelle heure quand il est parti	none
rappelle-moi d'appeler Paul demain à 18h	reminder_add
rappelle-moi de sortir le linge dans 20 minutes	reminder_add
ajoute un rappel acheter du pain	reminder_add
Paul m'a rappelé hier soir	none
ajoute un rendez-vous chez le dentiste mardi à 14h30	event_add
mets une réunion avec l'équipe demain à 10h	event_add
j'ai eu une réunion super longue aujourd'hui	none
qu'est-ce que j'ai demain	agenda_read
c'est quoi mon programme aujourd'hui	agenda_read
tu as quoi de prévu ce week-end toi	none
note que je dois acheter des piles	note_add
prends en note le code wifi de l'hôtel est 4521	note_add
il prend toujours des notes en cours	none
écris un mail à Paul pour lui dire que je serai en retard	mail_draft
rédige un mail au propriétaire pour signaler la fuite	mail_draft
j'ai reçu un mail bizarre ce matin	none
quels mails demandent une action	mail_triage
est-ce que j'ai des mails importants	mail_triage
ouvre le fichier rapport de stage	open_file
ouvre mon CV	open_file
montre-moi où est le fichier rapport de stage dans le Finder	reveal_file
je n'arrive jamais à retrouver mes fichiers	none
retiens que mon dentiste c'est le docteur Martin	memory_add
souviens-toi que le code du portail est 1234	memory_add
je me souviens de ce voyage à Rome	none
c'est qui mon dentiste déjà	memory_ask
qu'est-ce que je t'avais dit sur le code du portail	memory_ask
oublie le code du portail	memory_forget
dis-moi c'est quoi la capitale du Pérou	ask_question
explique-moi ce qu'est une injection SQL	ask_question
combien font 17 fois 23	ask_question
dans cette fenêtre coche la case ne plus demander et valide	desktop_task|desktop_task>desktop_task
lance ma routine du matin	routine_matin
mode concentration	routine_concentration
ma routine du matin c'est café puis douche	none
